title,full_text,link,image
패션 가이드,패션 가이드,,https://image.thehyundai.com/dp/ModuBanner/animation-1784502657146.gif?SF=webp&AO=1
현대식품관,현대식품관,,https://image.thehyundai.com/dp/ModuBanner/feed_ic_grocery.png?SF=webp&AO=1
컨템패션관,컨템패션관,,https://image.thehyundai.com/dp/ModuBanner/feed_ic_edit.png?SF=webp&AO=1
뷰티관,뷰티관,,https://image.thehyundai.com/dp/ModuBanner/feed_ic_beauty.png?SF=webp&AO=1
이머징관,이머징관,,https://image.thehyundai.com/dp/ModuBanner/feed_ic_attag(1).png?SF=webp&AO=1
리빙관,리빙관,,https://image.thehyundai.com/dp/ModuBanner/feed_ic_living.png?SF=webp&AO=1
키즈관,키즈관,,https://image.thehyundai.com/dp/ModuBanner/Kids_Home(1).png?SF=webp&AO=1
레져관,레져관,,https://image.thehyundai.com/dp/ModuBanner/active.png?SF=webp&AO=1
HiHi 패션 가이드,"HiHi 패션 가이드
테스토니 시즌오프
유럽 미식의 순간
워터밤 2026 🎫
해외 명품 특가전
이펙스 이벤트
까사알렉시스 상담
바캉스 슈즈 준비
김덕규과자점",,https://image.thehyundai.com/dp/ModuBanner/HiHi Fashion Archive_ICON.png?SF=webp&AO=1
